user_id,item_id,timestamp,interaction_type
U001,I007,2024-01-01 10:05:12,view
U003,I002,2024-01-01 10:22:01,start
U002,I014,2024-01-01 10:30:33,view
U004,I019,2024-01-01 11:12:44,complete
U005,I001,2024-01-01 11:25:09,view
U006,I008,2024-01-01 11:40:12,start
U007,I003,2024-01-01 12:01:03,view
U008,I012,2024-01-01 12:15:55,view
U009,I006,2024-01-01 12:30:21,start
U010,I004,2024-01-01 12:45:10,complete
U011,I015,2024-01-01 13:05:19,view
U012,I018,2024-01-01 13:18:40,view
U013,I023,2024-01-01 13:30:12,start
U014,I009,2024-01-01 13:49:02,view
U015,I020,2024-01-01 14:10:33,start
U016,I030,2024-01-01 14:22:01,view
U017,I011,2024-01-01 14:35:55,complete
U018,I017,2024-01-01 14:49:33,view
U019,I021,2024-01-01 15:01:17,start
U020,I012,2024-01-01 15:14:40,view
U021,I027,2024-01-01 15:29:11,view
U022,I002,2024-01-01 15:42:02,start
U023,I010,2024-01-01 15:55:10,complete
U024,I013,2024-01-01 16:05:40,view
U025,I024,2024-01-01 16:22:05,view
U026,I009,2024-01-01 16:30:14,complete
U027,I016,2024-01-01 16:45:44,start
U028,I007,2024-01-01 17:02:09,view
U029,I020,2024-01-01 17:18:34,start
U030,I004,2024-01-01 17:31:22,view
U031,I011,2024-01-01 17:49:51,start
U032,I025,2024-01-01 18:04:14,view
U033,I003,2024-01-01 18:21:09,view
U034,I015,2024-01-01 18:33:22,complete
U035,I022,2024-01-01 18:49:15,view
U036,I019,2024-01-01 19:02:28,start
U037,I027,2024-01-01 19:20:14,view
U038,I013,2024-01-01 19:32:45,start
U039,I014,2024-01-01 19:49:31,view
U040,I018,2024-01-01 20:02:55,view
U041,I028,2024-01-01 20:19:44,start
U042,I021,2024-01-01 20:32:01,complete
U043,I019,2024-01-01 20:48:12,view
U044,I012,2024-01-01 21:01:28,start
U045,I010,2024-01-01 21:14:52,view
U046,I006,2024-01-01 21:25:31,complete
U047,I003,2024-01-01 21:40:22,view
U048,I017,2024-01-01 21:55:40,start
U049,I005,2024-01-01 22:12:54,view
U050,I030,2024-01-01 22:28:33,view
U001,I014,2024-01-01 22:45:11,start
U002,I007,2024-01-01 23:01:55,view
U003,I022,2024-01-01 23:15:42,view
U004,I018,2024-01-01 23:30:29,view
U005,I009,2024-01-01 23:45:33,start
U006,I011,2024-01-02 00:02:11,view
U007,I005,2024-01-02 00:15:55,complete
U008,I004,2024-01-02 00:30:12,view
U009,I027,2024-01-02 00:44:28,start
U010,I021,2024-01-02 00:58:32,view
U011,I008,2024-01-02 01:15:42,start
U012,I030,2024-01-02 01:33:19,view
U013,I015,2024-01-02 01:49:01,view
U014,I002,2024-01-02 02:03:10,start
U015,I026,2024-01-02 02:16:39,view
U016,I025,2024-01-02 02:33:14,complete
U017,I020,2024-01-02 02:48:41,view
U018,I012,2024-01-02 03:02:55,start
U019,I007,2024-01-02 03:16:42,view
U020,I005,2024-01-02 03:33:19,complete
U021,I028,2024-01-02 03:48:09,start
U022,I016,2024-01-02 04:02:55,view
U023,I004,2024-01-02 04:16:33,view
U024,I013,2024-01-02 04:33:14,start
U025,I023,2024-01-02 04:48:21,complete
U026,I001,2024-01-02 05:01:12,view
U027,I017,2024-01-02 05:15:41,view
U028,I008,2024-01-02 05:33:12,complete
U029,I019,2024-01-02 05:45:03,view
U030,I006,2024-01-02 06:03:55,view
U031,I003,2024-01-02 06:15:20,start
U032,I014,2024-01-02 06:30:12,start
U033,I011,2024-01-02 06:45:09,view
U034,I020,2024-01-02 07:02:02,start
U035,I024,2024-01-02 07:15:40,view
U036,I025,2024-01-02 07:30:05,view
U037,I030,2024-01-02 07:45:16,complete
U038,I018,2024-01-02 08:01:32,view
U039,I022,2024-01-02 08:14:59,start
U040,I015,2024-01-02 08:28:44,view
U041,I003,2024-01-02 08:45:21,start
U042,I009,2024-01-02 08:58:52,view
U043,I016,2024-01-02 09:14:33,start
U044,I017,2024-01-02 09:30:12,complete
U045,I010,2024-01-02 09:44:21,view
U046,I012,2024-01-02 10:01:30,start
U047,I027,2024-01-02 10:14:52,view
U048,I019,2024-01-02 10:31:29,view
U049,I014,2024-01-02 10:45:11,start
U050,I006,2024-01-02 11:00:20,view
U001,I003,2024-01-02 11:15:44,view
U002,I011,2024-01-02 11:28:55,start
U003,I030,2024-01-02 11:44:20,view
U004,I007,2024-01-02 12:02:12,view
U005,I022,2024-01-02 12:15:05,start
U006,I017,2024-01-02 12:30:29,view
U007,I016,2024-01-02 12:44:31,complete
U008,I015,2024-01-02 12:59:41,view
U009,I004,2024-01-02 13:12:33,view
U010,I002,2024-01-02 13:30:29,start
U011,I009,2024-01-02 13:45:11,view
U012,I023,2024-01-02 13:58:52,start
U013,I027,2024-01-02 14:12:40,view
U014,I014,2024-01-02 14:30:20,start
U015,I021,2024-01-02 14:45:11,view
U016,I005,2024-01-02 14:58:10,view
U017,I018,2024-01-02 15:15:55,start
U018,I013,2024-01-02 15:33:11,view
U019,I020,2024-01-02 15:45:55,complete
U020,I007,2024-01-02 16:01:22,view
U021,I010,2024-01-02 16:15:48,start
U022,I003,2024-01-02 16:32:09,view
U023,I008,2024-01-02 16:44:01,complete
U024,I019,2024-01-02 17:01:33,view
U025,I025,2024-01-02 17:15:40,start
U026,I012,2024-01-02 17:32:20,view
U027,I006,2024-01-02 17:49:41,complete
U028,I004,2024-01-02 18:05:22,view
U029,I018,2024-01-02 18:22:12,start
U030,I030,2024-01-02 18:35:55,view
U031,I017,2024-01-02 18:48:41,start
U032,I027,2024-01-02 19:03:30,complete
U033,I002,2024-01-02 19:18:14,view
U034,I007,2024-01-02 19:33:03,start
U035,I029,2024-01-02 19:49:59,view
U036,I022,2024-01-02 20:02:10,complete
U037,I015,2024-01-02 20:18:55,view
U038,I019,2024-01-02 20:33:21,start
U039,I010,2024-01-02 20:49:44,view
U040,I014,2024-01-02 21:02:32,start
U041,I006,2024-01-02 21:16:22,view
U042,I018,2024-01-02 21:32:11,view
U043,I012,2024-01-02 21:48:33,start
U044,I025,2024-01-02 22:02:41,view
U045,I016,2024-01-02 22:18:14,start
U046,I005,2024-01-02 22:33:55,view
U047,I013,2024-01-02 22:49:41,complete
U048,I027,2024-01-02 23:02:15,start
U049,I007,2024-01-02 23:15:22,view
U050,I003,2024-01-02 23:30:11,start